a,b,c,d,e,f,g,h,i,j,k,l,m,n,o,p,q,r,s,t,u,v,w,x,y,z,code,name,family,familyCode
70545,9460,4177,11271,23543,6599,6705,10413,32492,3580,10886,9666,12617,23506,17240,2354,2902,15980,14210,18984,15118,761,2804,644,6409,554,om,Oromo,Afro Asiatic,aa
650797,113046,21900,138147,369805,125067,90985,64544,624127,156186,147353,416635,205813,300819,193007,96562,36127,275965,203609,394947,221393,32703,75426,37261,6749,53236,mt,Maltese,Afro Asiatic,aa
5223,1367,2274,2046,6475,1332,1442,1867,4567,231,618,2809,2050,4093,4480,1820,130,4080,3503,4318,2027,625,847,341,957,199,am,Amharic,Afro Asiatic,aa
602331,54892,27061,135615,110990,14672,56238,82153,185537,12491,79406,89386,63451,107049,142145,2172,21239,74875,85011,41345,105159,941,50369,41714,97797,810,so,Somalia,Afro Asiatic,aa
46,17,48,30,50,19,17,36,52,8,12,27,23,50,46,23,14,38,42,43,25,19,18,7,11,10,ti,Tigrinya,Afro Asiatic,aa
501769,107800,204764,180487,511390,124373,115634,166041,375028,25824,58530,286620,206362,335767,366879,127875,9863,374420,309269,326946,188288,66266,66311,27958,75685,21794,he,Hebrew,Afro Asiatic,aa
59121,4632,3283,9613,6694,2295,3590,5835,19028,1614,11423,4251,9062,20299,4490,405,32,10757,10924,7015,11649,125,5009,23,7279,1608,ha,Hausa,Afro Asiatic,aa
501,99,158,177,388,46,111,124,350,44,121,225,156,325,290,115,12,295,224,208,153,63,64,22,57,34,arc,Aramaic,Afro Asiatic,aa
317227,69707,145170,128528,317001,62758,80429,112352,253417,17638,39978,165425,124820,209494,227349,104887,7855,221243,203163,229175,103980,45584,61174,18642,49272,14674,ar,Arabic,Afro Asiatic,aa
82232,15038,32626,33284,102533,20879,18328,38319,70204,2356,7066,38370,27427,67796,65942,20716,1193,59403,58427,74691,27519,9677,12499,2631,13650,1826,km,Cambodian,Austroasiatic,ausa
9236550,3106572,12322959,2668376,3840971,369424,9827809,16847910,12649246,161460,2547121,5711331,6126453,23139084,6404275,3258808,969608,5472595,3967825,14254641,6259922,3608996,293483,658657,3037826,201229,vi,Vietnamese,Austroasiatic,ausa
16778807,2452575,740847,3686276,7457620,339664,3076175,2435712,6542019,844394,3756253,3421130,3671758,8439212,1911977,2691816,30443,4646515,3719600,4242185,4232770,195754,482738,36911,1326180,128227,ms,Malay,Austronesian,aus
38906,5774,1736,7667,20842,2791,2360,7562,25782,862,7604,10566,7873,22826,14975,4427,154,14640,14259,13154,14368,1802,346,274,412,1452,tet,Tetum,Austronesian,aus
221978,1203,5743,1645,164934,768,34939,79641,141120,304,91251,11004,24671,100190,128400,21680,52,62802,4203,158511,66321,799,40122,117,4239,151,mi,Maori,Austronesian,aus
2098282,124717,137789,373044,536427,59978,295381,637161,669819,9066,238048,317475,355382,1347008,664574,197266,6477,456851,545460,379109,382986,53567,47548,5906,250668,25448,war,Samar-Leyte Visayan,Austronesian,aus
1637391,200232,148921,317935,618116,70506,345526,247601,754128,117413,340419,319455,273602,971003,364282,249079,4646,488266,505550,550320,544757,36643,107406,8716,117490,7347,su,Sundanese,Austronesian,aus
48844,1319,2333,3296,32080,8677,7342,16209,30469,140,19185,12103,9203,18822,32404,6545,54,4800,8005,19500,20221,2888,1789,100,1340,51,to,Tonga,Austronesian,aus
445491,48021,18655,51390,78166,6564,118602,25175,177260,2884,78099,66277,60926,295331,135650,59021,897,89342,137926,74065,48910,6304,18155,610,50499,3281,bcl,Bikol,Austronesian,aus
1053382,53045,51697,117454,323833,10566,270127,128043,390192,3561,201211,165631,274492,575949,347803,184516,4419,251145,454988,222955,294168,19371,12827,3242,240628,5889,ceb,Cebuano,Austronesian,aus
2569558,296703,127457,449119,769724,52992,829461,349105,1359550,167834,757082,508061,436057,1712947,445775,391731,3980,643714,714263,633112,735207,45388,262429,4916,155913,12883,jv,Javanese,Austronesian,aus
443918,56461,18342,77591,190648,4667,108610,54866,189318,37142,106666,78464,77921,262978,70563,67066,300,108648,130098,106824,114939,2650,40041,345,25137,887,map-bms,Banyumasan,Austronesian,aus
5835,1135,572,988,4649,217,1449,349,4151,388,1334,881,1500,4700,4123,947,24,2499,1289,2052,1072,223,2019,83,561,343,na,Nauruan,Austronesian,aus
86619,13512,4926,13958,23472,2469,12332,5586,33523,547,18514,23806,9757,41181,20653,8802,193,12112,26309,18868,7916,1234,4919,150,15437,459,pag,Pangasinan,Austronesian,aus
26558,524,1069,996,13320,3346,4223,1113,13607,114,1113,10501,5608,6069,11797,2636,33,2331,5287,8455,7064,1204,874,73,456,102,sm,Samoan,Austronesian,aus
3312313,135153,60898,621014,658875,235860,77745,298356,1722950,76159,307067,303523,643921,2285951,1068327,194535,6720,891415,403538,695417,90580,124373,7830,7624,1009483,133762,mg,Malagasy,Austronesian,aus
488422,58677,38348,66756,154715,14073,233733,24065,244583,4114,94346,137145,105535,370534,81161,83899,1723,98105,94484,130190,128199,8432,16775,1875,59794,3089,pam,Kapampangan,Austronesian,aus
31038876,4390820,1306203,7411816,13605841,677924,6032076,4039907,13377670,1504412,7050473,6043844,6892266,16166428,4079099,4840859,42016,8931300,7698793,8335720,7959176,438715,917736,71013,2615435,154719,id,Indonesian,Austronesian,aus
91192,1700,15915,17823,53058,870,6921,4072,61724,1178,11408,6700,26547,51837,20111,24038,166,67056,30651,29896,38910,1743,10829,657,12529,703,bug,Buginese,Austronesian,aus
5519,264,205,269,4058,407,199,1162,4472,36,102,590,887,2141,2962,708,17,2722,762,3989,1204,251,34,12,65,42,ty,Tahitian,Austronesian,aus
388806,44539,12309,71386,94924,4002,87576,10632,246774,1688,76581,60977,50549,171607,79282,57184,711,63642,76122,154149,52627,4355,13195,661,36235,1854,ilo,Ilokano,Austronesian,aus
33337,763,1844,550,13010,160,822,5588,16492,121,12576,11045,7319,10611,13050,6196,49,1969,4076,2107,8554,198,2225,28,182,464,haw,Hawaiian,Austronesian,aus
4121619,385760,129909,325660,583340,42579,1677099,322475,1500772,20974,548425,796412,679124,2421077,918253,586283,6450,553273,1096129,864297,539167,36503,150149,9231,521159,16648,tl,Tagalog,Austronesian,aus
100718,1498,12825,5013,9139,793,1690,15025,43325,12100,24045,16013,16159,23006,7589,15566,14985,25765,24450,17726,32696,1190,10512,5079,13631,431,ay,Aymara,Aymaran,aym
77648,19505,9324,53319,25254,505,20461,54517,78007,4998,14985,19957,2761,40186,37577,1648,88,3266,28073,26207,2124,540,3388,516,16457,14045,nv,Navajo,Dene-Yeniseian,den
109438,21435,48644,38473,101458,23527,25753,37087,85989,5798,13177,55198,42550,73698,74046,33211,2217,76262,65966,70568,35052,13710,14490,6735,16478,3131,ta,Tamil,Dravidian,dra
55650,9845,26168,19587,55877,10370,13200,19162,47876,2236,5554,29365,19875,39933,39771,16385,1015,37426,34382,39968,18007,6233,6489,2859,9991,1465,ml,Malayalam,Dravidian,dra
54506,14202,29148,24603,53151,14785,13484,20387,48779,2743,7722,23110,22631,37175,36404,19477,1166,33816,41573,40997,20253,9729,10606,3960,6962,1831,kn,Kannada,Dravidian,dra
154548,31262,65006,62125,161923,36162,35284,65659,124052,5614,16713,70308,53740,107777,103477,44480,2181,100078,107887,119759,51266,22127,24099,6461,22450,2960,te,Telugu,Dravidian,dra
4509,1369,419,639,3421,296,1902,834,3704,299,895,3025,1918,3764,3613,1355,21,1568,2276,2316,1112,346,403,40,386,90,bi,Bislama,English Creole,engc
17060,3076,1369,1988,11324,733,6213,1486,16416,309,3924,11627,6245,15971,10836,5990,20,5122,7738,8056,3601,1332,1887,73,1036,74,tpi,Tok Pisin,English Creole,engc
4476,506,669,1086,3797,464,533,886,4130,226,979,1743,884,2823,1968,882,37,1976,2750,2429,1324,155,480,19,590,56,pih,Norfolk,English Tahitian,engt
47285,1460,1324,2052,13752,2906,8313,1767,38185,2092,9027,16950,11618,24695,10467,7663,10174,18470,21128,22630,23708,2429,479,113,929,299,kl,Greenlandic,Eskimo-Aleut,esk
2468,85,340,210,631,107,453,262,2015,30,570,675,514,831,371,334,937,584,855,1314,1842,177,51,23,147,14,ik,Inupiak,Eskimo-Aleut,esk
648,30,96,65,224,34,110,84,651,63,143,247,164,398,197,121,188,216,254,411,470,58,30,5,43,6,iu,Inuktitut,Eskimo-Aleut,esk
788511,70233,41449,82663,605582,39566,120037,31265,557008,31709,234912,333460,161294,824347,394586,144173,1874,144746,404359,320290,113689,102020,134068,3078,382408,50968,ht,Haitian,French Creole,fc
3846032,357798,1154360,1509232,3658277,319037,500360,274159,2087551,80738,35890,1836674,903094,2337061,1650578,787140,211499,2023210,2293122,1831962,1411383,354152,13006,71418,66445,53748,oc,Occitan,Indo European,ie
5563997,883819,256088,2775253,8386885,1214213,2422746,967463,4446839,730652,2397989,3244562,2172859,5045860,3440580,1157396,9556,5536673,3989131,4817989,1277783,1701964,90918,22427,633613,54472,nn,Norwegian Nynorsk,Indo European,ie
150442,23201,53550,59507,174862,33302,31022,69464,123477,3952,12267,65739,44848,113171,107372,34760,1531,101837,100957,130956,42279,17698,21833,3387,24421,1967,mr,Marathi,Indo European,ie
11526360,1528670,619926,2657458,5788783,357135,1848385,284232,13347419,2407981,4295673,3606773,3686183,5298183,6944829,2816324,5585,5838653,8117099,5492025,4723315,2735219,37927,75448,1475390,355710,lt,Lithuanian,Indo European,ie
4682598,858680,1688225,1919324,6294569,1119181,989598,2583083,3886439,110081,390519,2210137,1430703,3766587,3788427,1076387,42497,3376378,3609084,4491600,1353712,506584,890236,94996,848738,70339,simple,Simple English,Indo European,ie
10137114,1323230,941966,2934928,7700890,341587,1657642,740807,8613290,4381227,3317967,3129843,2745308,5796136,7968908,2530407,10147,4674697,4381171,3841347,3736196,2932166,66206,27143,86974,1485316,sh,Serbo-Croatian,Indo European,ie
2046063,253623,737231,721101,1625076,147424,188082,163396,1128798,11350,42430,664198,435043,1214546,1307443,380971,89430,986388,1020017,846892,616799,131408,8699,59228,272760,67944,an,Aragonese,Indo European,ie
15002569,2003292,1511753,4242775,11467707,485603,2476982,1163924,12872954,6876197,4988873,4787990,4062924,8682383,11786504,3804693,20360,7055225,6616975,5919881,5705677,4378439,134449,42860,169085,2294401,hr,Croatian,Indo European,ie
22138,4035,6897,7595,21256,4304,4378,8625,19505,980,2110,9903,6382,14713,15112,4249,968,13872,13788,16587,5888,3136,2573,2099,3628,1041,tg,Tajik,Indo European,ie
45284,11299,30887,20817,34478,2147,10658,9139,43298,14879,22161,16907,18360,33442,26240,15454,46,32016,32055,23029,8349,1055,30798,1518,5945,39394,csb,Kashubian,Indo European,ie
905451,148979,251616,370781,785466,70154,86931,70354,529756,18066,5660,416224,205850,501648,541932,186452,52650,466420,540670,334536,371617,4706,2957,9990,15825,23651,mwl,Mirandese,Indo European,ie
35887826,5836455,6070926,17945658,39534170,7840285,11221421,8254243,23256033,2302202,12037505,20368738,13364903,33462088,17861830,7057055,75045,32539340,25406691,29255700,7804138,9318131,548854,568215,2750358,303435,sv,Swedish,Indo European,ie
293326,49857,128444,127721,395535,73410,66578,142984,269512,5842,22918,142262,93995,243998,239613,78198,4190,218678,224392,283296,90898,36221,46892,9726,51433,5330,si,Sinhalese,Indo European,ie
650276,132416,177323,373047,566514,110090,203707,268536,519641,23806,96470,176504,214889,552267,318599,65126,1843,308575,434601,342384,243229,75489,117923,5765,11994,79927,bar,Bavarian,Indo European,ie
3755876,562083,1612837,1295638,3067071,188111,666580,538132,3345484,907385,1522750,1003624,1134308,2344909,3243284,1164058,5512,2273151,1867467,1651824,1137839,55681,2016500,24703,1498415,2040767,pl,Polish,Indo European,ie
55842928,6850218,17548628,19967870,58147941,4702260,6333060,3538515,33770799,1312443,738921,30400184,13798430,29659706,21542768,12527709,3463363,31303104,35935377,27045782,16172036,7104417,336653,2020339,1562576,737799,ca,Catalan,Indo European,ie
70090103,12723313,27311858,31645123,96220324,17990065,15836297,37932104,60390321,1740543,5357044,33860954,20879439,59600265,58266649,16686684,815699,53641330,53103567,69235243,21148899,8467759,13326883,1597840,12341441,1079594,en,English,Indo European,ie
139,22,28,27,54,18,23,38,73,19,25,44,34,58,46,32,2,66,51,55,35,11,11,3,11,3,ks,Kashmiri,Indo European,ie
2891,490,795,596,2277,368,1382,540,2949,629,402,1455,1107,1466,1413,1054,39,1694,1413,1170,1052,561,147,688,393,138,os,Ossetic,Indo European,ie
328394,74647,147111,127943,362250,63823,82385,112516,344804,16637,45389,180436,122620,236378,251816,95200,6251,252206,231080,232721,120605,64020,46767,51021,54472,15807,ru,Russian,Indo European,ie
1491457,166741,590023,619198,1719216,137555,155829,79711,919199,11468,22955,878661,390484,1006745,927490,345518,93523,855810,975495,636566,739437,127223,10469,88588,175575,47202,ast,Asturian,Indo European,ie
1559680,153928,92072,436562,1069910,107605,123320,178068,1042779,50962,234792,663231,406778,620365,952068,266362,75949,553809,823516,376713,475329,189582,9349,12126,56658,97629,io,Ido,Indo European,ie
36607,6496,14723,14615,41990,7972,8164,16955,32730,983,2707,16854,11791,28069,27258,8999,627,24716,25955,31334,11037,4038,5011,1060,6404,824,ps,Pashto,Indo European,ie
57674535,7608523,24486065,31151750,104138738,8023247,9177284,7419790,53199324,2430014,1639763,43361423,20173003,53668878,39227437,20822257,5760888,49929536,55371219,50489738,39445620,9347214,866999,2883330,2844102,902342,fr,French,Indo European,ie
3177100,667169,845999,2454073,7564948,346973,1252394,1146141,3131098,501614,697166,1847653,966756,3749441,2617711,868613,10245,2701795,2089973,2601770,919693,1123741,667764,31553,142736,323596,nl,Dutch,Indo European,ie
5003,446,104,1022,1282,472,651,607,3297,631,657,794,1123,2000,883,227,51,1622,2781,1133,1675,54,640,36,44,211,got,Gothic,Indo European,ie
80499,7200,29388,35643,105532,7745,14057,21166,55754,3219,594,46746,20361,79466,43870,22850,6608,43969,68107,61809,52577,10467,323,3743,6348,767,nrm,Norman,Indo European,ie
53618,10295,21195,16885,46768,7695,15965,13734,68842,7610,11345,26916,18071,32595,36039,16564,930,35736,30777,30902,17366,14912,5967,16772,9440,4593,be-x-old,Belarusian (Taraskievica),Indo European,ie
32964,6133,15117,11304,33267,7121,8219,10002,26348,1226,3035,18077,14124,22190,26081,10080,735,23808,19441,25377,11514,3648,4347,1913,5628,1152,ur,Urdu,Indo European,ie
285878,26935,140265,67626,286270,28123,43198,19070,214610,8252,2013,107408,79838,219324,185899,84708,5061,171001,120071,173899,111888,46082,1037,1170,1722,26690,nap,Neapolitan,Indo European,ie
74929,13356,29816,31097,86047,17553,16165,33697,62845,2246,6726,33457,23313,56088,55292,19590,810,50056,53548,62075,22139,9243,11101,2696,11740,1192,gu,Gujarati,Indo European,ie
151324,10661,62819,49819,83084,14197,23000,27730,155584,7875,1438,55737,34590,91782,48643,34525,2750,72691,61794,78221,110423,14951,821,699,1194,9596,co,Corsican,Indo European,ie
3220,557,1239,1244,3818,611,781,1464,2801,106,245,1545,1094,2366,2399,931,58,2319,2477,2793,988,332,430,157,552,73,sd,Sindhi,Indo European,ie
46985,7000,3310,14407,42936,3015,10640,21188,15431,1305,13790,16113,9578,45044,26001,6265,147,27030,30976,19885,8349,7674,17001,141,30830,350,kw,Cornish,Indo European,ie
12836039,1314035,4780202,5697902,11856661,1094000,1202828,797315,7194565,73960,165460,3556891,2982082,7641156,10611181,2759670,632198,6947865,7431783,5118573,3835620,1039545,79475,844814,120284,402495,gl,Galician,Indo European,ie
118149,21984,37237,27778,73308,6138,16164,35547,77362,6525,18122,47753,25990,63087,60711,20086,822,60022,61323,58280,46968,16397,8189,1293,12027,7823,roa-rup,Aromanian,Indo European,ie
224501,48995,106791,98245,235297,54185,65937,81837,207193,17409,35784,121610,90875,151165,167269,97622,5236,161701,137663,162345,73774,26601,49094,17060,36269,9175,fa,Persian,Indo European,ie
204045,16195,7812,86340,194096,12363,15966,11623,113804,10959,49949,92453,44341,115449,126639,34335,796,91514,124584,64253,50916,22630,891,937,23756,10328,lad,Judeo-Spanish,Indo European,ie
43176,5639,11197,10359,19461,2803,6213,10861,20184,2145,4215,11281,8071,23534,20255,7277,391,20182,16615,17314,17714,2287,2074,524,5812,814,bpy,Bishnupriya Manipuri,Indo European,ie
82866935,7756431,25453790,38228347,77112705,7742142,9100335,6365987,46258021,2266434,1430817,21492575,29949484,36614291,68889213,18310290,3982304,45284912,48256901,32681511,25573124,8321001,830260,1847064,1113465,2374309,pt,Portuguese,Indo European,ie
18153321,1825281,8166207,6067462,19681970,2219086,1835792,1011849,18430083,436362,309099,9382516,4927295,11640486,8650633,5011021,27048,12716855,7114320,11244753,10070815,1885736,181857,356122,221040,1223805,ro,Romanian,Indo European,ie
1300350,291210,549976,847932,2846221,297121,616090,680603,1117251,74475,265842,731198,618546,1686742,769842,289075,13539,1379479,1196078,1155722,856550,268165,240598,22031,43276,218070,lb,Luxembourgish,Indo European,ie
309505,65854,136389,117231,329847,55326,80603,97698,337396,17846,54944,168200,135436,206590,226354,92963,7027,217475,208416,208610,122148,61295,44119,31112,43093,15553,bg,Bulgarian,Indo European,ie
529385,119092,93534,372946,1262217,57363,215093,129639,479165,110545,166144,285310,177080,563001,422724,112055,1385,453021,338357,434625,183284,175981,115864,4450,10152,71270,li,Limburgian,Indo European,ie
2457173,361272,284594,794736,2809455,113467,529037,688171,1042353,67126,402436,830778,483730,1455677,1281124,288457,8483,1537128,705224,986556,750484,486613,131357,18820,74614,604118,br,Breton,Indo European,ie
309935,53312,35382,108254,306784,23206,24950,39783,164929,6310,86753,59738,99739,201209,124660,23901,22004,167643,89691,100728,84435,25288,57480,24498,125194,48385,diq,Dimli,Indo European,ie
3719627,1481508,272136,2025765,3020137,983911,262833,194699,3060755,99480,798091,3207365,1781318,3999328,2645677,891574,10430,772431,2801563,1641443,948765,530825,57850,15607,402482,221179,vo,Volapuk,Indo European,ie
78197,13220,33989,31508,103865,19190,18650,39317,71701,1830,5530,38551,25978,62223,64524,22052,1174,58533,60426,75588,24196,9480,12268,2281,14613,1400,ne,Nepali,Indo European,ie
190536,20797,66882,48411,164232,10040,22533,14947,142361,3974,1766,105443,44077,115833,77477,39878,10096,92550,121418,73586,116374,15365,760,1340,5101,4261,ext,Extremaduran,Indo European,ie
922230,370552,630294,879746,2002449,277622,584470,904625,1481834,51000,198188,661722,568057,1034273,688504,159064,5263,1311004,1162413,1016292,629035,247067,269798,11541,66286,230150,als,Alemannic,Indo European,ie
15441164,1486531,1493947,4157635,11284603,1287638,1825830,835637,10024976,4015487,4857895,7317987,3433582,8832447,11545364,3002155,20469,7458700,6900955,6885122,3856856,1878695,126369,34279,173360,743515,eo,Esperanto,Indo European,ie
1605515,204519,308763,468250,1304094,130193,348932,203902,1467514,512011,494806,573744,624461,965376,1258805,421997,4920,834472,739264,848905,542546,373462,30874,33072,92198,224999,sr,Serbian,Indo European,ie
172297,21424,6139,37549,112733,3035,45449,2371,129342,42848,62191,56177,60130,136108,121703,37166,95,89478,132159,97579,109950,70061,534,994,1141,6197,bat-smg,Samogitian,Indo European,ie
3009992,480743,263521,1265657,4134933,409867,619176,1717801,3433279,1187725,1287571,1184631,1448306,2691748,1600112,1081988,334878,2904733,2276921,3419466,1347231,612778,28930,42042,232079,294622,sq,Albanian,Indo European,ie
47594722,16807909,21436213,39853876,126269325,13483893,22812165,31906465,63160344,2443994,11437417,30095703,21514298,75043875,23357085,8559318,280695,62243795,49873836,49115949,31009011,7895096,11158774,587582,1728228,9308859,de,German,Indo European,ie
1121354,125348,400089,513584,1031818,113662,189947,143410,650207,13347,43331,680363,302889,692503,316832,229976,13896,578352,457607,479579,271639,114967,10024,4420,8649,63560,lmo,Lombard,Indo European,ie
389424,25177,111537,124362,220997,27680,60249,53276,236557,3516,3507,173126,63949,211773,76020,63424,9319,166642,203683,151402,125922,52414,1952,3790,2128,28085,rm,Raeto Romance,Indo European,ie
455865,95530,224457,157459,468798,86012,118825,204723,353946,22464,65455,250092,179307,316284,345714,115418,8796,352897,289612,311748,151631,60393,65205,29200,65407,19625,el,Greek,Indo European,ie
209850,43653,164520,63434,189865,31690,134540,61138,173089,14877,33071,91269,116274,167943,142186,61021,3179,137734,151076,119898,65367,31230,21623,12580,30140,10769,mk,Macedonian,Indo European,ie
95815,23841,45452,98033,207400,19757,19864,76036,74088,36806,29448,63505,50442,116770,85467,21701,299,95448,89681,85672,46945,35142,27049,1115,1922,18454,ksh,Ripuarian,Indo European,ie
69028,12915,30316,20915,58754,10136,19868,16046,92961,5094,9829,33246,23240,45415,48129,18363,1104,44570,42335,38129,23067,17453,8242,17628,8474,5153,be,Belarusian,Indo European,ie
143115,11461,54810,54592,136823,15652,28435,11875,131392,1084,1877,48536,39720,100105,116209,34848,4183,66199,62547,80666,38376,20669,776,5577,1194,7570,lij,Ligurian,Indo European,ie
183443,35559,79344,67301,182161,36846,43061,71071,147826,8076,20012,83960,67873,126192,123835,54384,3858,120917,121595,133552,55383,24660,25479,8472,27757,5464,hi,Hindi,Indo European,ie
51779,10594,18788,18555,51019,10478,13897,19437,39466,2145,4944,25360,16425,35815,35029,14983,901,34250,30879,36736,17235,5918,7513,2305,7721,1611,bn,Bengali,Indo European,ie
154,30,67,53,120,23,76,54,117,52,58,72,52,97,89,51,14,68,81,65,72,37,11,21,25,29,cu,Old Bulgarian,Indo European,ie
17547,2265,6657,9164,18357,2862,3070,5978,12263,572,1418,7455,3761,11615,11094,5153,213,8889,9057,10440,3754,1528,1900,277,2148,286,sa,Sanskrit,Indo European,ie
1895705,294952,539613,1711640,1545376,617676,708035,656216,1249639,16661,29995,971006,467211,1548774,1061663,175215,2944,1446295,571525,562920,474641,23844,706416,5847,1468887,8776,cy,Welsh,Indo European,ie
860382,256139,51142,390509,894596,40790,119176,168957,725801,122371,341276,247731,211512,637264,169398,86064,26000,535025,212939,275221,126865,147436,162727,84073,270511,91338,ku,Kurdish,Indo European,ie
715254,65896,319460,228353,222930,68556,108295,64944,939220,10231,7442,276790,173613,473019,153723,174803,11683,385293,290415,416417,571618,85813,4492,3421,5128,80036,scn,Sicilian,Indo European,ie
211235,50735,52063,185783,558693,27535,99135,52195,190110,19640,87206,128571,77940,340887,216292,50506,643,210742,158382,205126,102976,88662,51041,2118,31319,41791,vls,West Flemish,Indo European,ie
10941089,3186656,1102054,9947396,25851778,4388473,6650932,3030655,10545463,963698,5142608,8702346,5454167,13209510,8480655,2638954,26081,14457534,10474698,11566720,3208356,3920927,265794,84508,1295464,137932,da,Danish,Indo European,ie
2322985,269691,63474,473599,1507516,715009,898674,482231,1802239,281040,754488,1126427,890840,2004288,614255,228041,2636,2195900,1487562,1224609,1128757,508875,20932,17670,228980,9194,is,Icelandic,Indo European,ie
76932,13142,20991,21399,63857,3238,12169,9960,40700,44477,33968,21942,24901,47803,67394,21093,116,36355,39677,32510,28281,892,39184,252,18895,14515,dsb,Lower Sorbian,Indo European,ie
2497456,502404,107783,1759180,5225476,259900,1021461,505036,2671306,92373,946830,1210166,699357,2485242,1812231,499535,4375,2027542,2052561,1729745,679902,702532,546902,10557,299659,22812,af,Afrikaans,Indo European,ie
604725,45717,181959,207529,608718,51968,91597,44934,444669,10054,8985,238892,111058,352351,394907,128439,12406,295623,239379,273664,107331,76289,3819,55063,4094,15238,vec,Venetian,Indo European,ie
167560,18502,46870,71456,127479,14595,22298,12369,131728,1898,2226,35838,34963,97319,72102,32266,571,76436,133259,90132,94142,9828,1242,1046,1526,13281,sc,Sardinian,Indo European,ie
1907,184,905,612,2157,229,203,194,2187,34,112,1007,632,1220,897,517,12,1213,954,1202,1037,204,89,85,59,148,mo,Moldovan,Indo European,ie
11511,2054,4743,4547,14626,2612,2765,5420,10166,362,883,5616,3925,9313,8648,2942,156,7996,8564,10561,3584,1320,1768,414,1798,235,pa,Panjabi / Punjabi,Indo European,ie
9642276,2151467,2778642,3365765,8755072,527608,655812,2540377,6051833,2389430,4197436,4223354,3294651,6553918,10450949,3200324,13789,5881427,5030143,5127734,3087487,5272922,111546,110215,1641886,2080186,sk,Slovak,Indo European,ie
31770,5502,13270,13164,40663,7567,7606,14991,28330,785,2455,15188,10107,26160,26320,7833,318,23650,23294,30256,10083,3646,4535,788,5476,654,as,Assamese,Indo European,ie
5434,980,2509,2071,7186,1244,1468,2594,5016,259,316,2881,1813,4830,4350,1506,49,3799,3932,5029,1969,767,820,165,1687,105,dv,Divehi,Indo European,ie
1845801,259693,514318,377740,634514,131373,377474,892105,1179492,6685,16354,486210,282366,966436,440413,87478,1432,708737,615976,548862,281247,17171,11326,2473,16706,4847,ga,Irish,Indo European,ie
19598480,5141422,1350137,12501265,44451084,5865170,10665950,4727270,18713054,2379459,10531172,15631711,9709788,24453328,15666213,5703194,52300,25058748,19383430,23019532,5617557,7014657,431427,131322,2509021,221786,no,Norwegian,Indo European,ie
189765,32621,96734,157790,412713,29640,24708,35656,229886,41569,36600,157953,77329,216749,192431,69213,966,135281,259250,181875,80897,48708,32667,6327,49651,15791,wa,Walloon,Indo European,ie
3545,814,1711,1643,3810,797,819,1262,3221,191,392,1976,1367,2717,2866,1101,42,2502,2409,2747,1397,436,976,226,622,168,yi,Yiddish,Indo European,ie
581624,75767,137601,134427,206616,28302,94723,290119,278885,2226,6061,120501,79279,300825,105421,20007,1001,171405,147515,124679,86603,4277,3393,2697,4180,2429,gd,Scottish Gaelic,Indo European,ie
214167,23717,49918,49917,212851,13262,74375,132733,97104,13871,15734,90629,41663,164948,104006,13439,1279,121294,121464,79146,31657,19954,7946,664,148769,1235,gv,Manx,Indo European,ie
478233,51383,193301,165440,692559,36271,59052,43099,432416,11951,7333,298924,143033,361554,346224,143409,32405,275977,295929,319146,192529,76965,4704,11711,11252,5378,ia,Interlingua,Indo European,ie
1599012,159302,440961,547118,718937,151618,166901,139337,848992,58465,66328,644998,358834,1053199,584914,284159,15442,654783,768114,663328,254288,131787,30874,6398,13806,21454,pms,Piedmontese,Indo European,ie
772691,123231,251541,214009,943984,102957,114416,356379,702921,16815,70833,307334,194449,585061,483086,148379,8161,506612,501015,709618,217042,71823,115761,11932,106388,14699,sco,Scots,Indo European,ie
21406,2530,8410,10301,21975,2026,4054,1827,12558,1155,469,14575,5138,18139,16104,5172,943,14032,14865,14193,8992,2967,128,758,1482,461,frp,Arpitan,Indo European,ie
680453,142250,304038,252321,673304,138996,185193,206795,732304,50435,93926,371370,263267,446322,513405,217465,14524,490791,446982,426723,254826,153728,84805,115371,104158,38129,uk,Ukrainian,Indo European,ie
314957,41661,8482,76834,189114,66073,122388,65178,294154,33148,108056,148184,129588,264168,104998,33585,339,305065,180183,202168,175202,106196,3298,837,42564,1049,fo,Faroese,Indo European,ie
20173,2204,1221,3931,12403,616,1934,5639,11320,917,6385,5687,3823,9217,9078,3191,305,8244,7364,5724,3780,3591,123,236,3665,451,rmy,Romani,Indo European,ie
52269227,4745863,19593397,19219830,52344996,5432003,8603998,4528055,51307652,383381,941145,32087889,12146340,34003892,40181185,12559738,1493153,30267420,23151547,31313830,14083899,6937114,587894,282129,820173,4266006,it,Italian,Indo European,ie
9138787,1559624,953576,2898442,9235348,364656,1452641,1108449,8289757,4009144,3345896,4417938,2592204,6343933,7839488,2897329,11914,4985402,4422633,4102951,1975819,3749716,84567,24397,104203,1801564,sl,Slovenian,Indo European,ie
10039,1661,2656,3600,8871,1664,1750,4123,7608,602,1089,3497,2548,6594,5442,2149,92,6130,5415,6371,2339,1114,1271,140,1440,157,bh,Bihari,Indo European,ie
5054567,705863,497556,1344384,2621293,171949,738667,123741,3963446,1026826,1637534,1519792,1464983,1894147,1692173,1252128,2710,2434007,3511967,2527809,2123978,1151499,16115,10614,19782,779258,lv,Latvian,Indo European,ie
20995779,5218745,7722588,9923437,22595068,1260972,1388301,6985166,13465084,5418131,11226359,13394658,9082478,18703788,24223944,9065230,35374,12824912,14069364,14910677,9181638,13125840,295953,285355,5473856,6062549,cs,Czech,Indo European,ie
154596,13741,75652,79572,169941,20699,22619,20168,183588,19516,1567,102017,40994,117778,76941,45117,406,93864,110176,100667,57024,25428,823,810,719,11308,fur,Friulian,Indo European,ie
1606243,340935,193473,1062382,3257261,553147,383260,406043,1506950,291900,686413,773860,531675,2022185,928606,317666,1921,1469913,1212920,1415320,372662,74857,365015,5423,455855,75061,fy,West Frisian,Indo European,ie
16398,3868,7427,6289,17205,3768,4666,5535,18069,1478,2097,9299,6846,12113,13641,5586,391,12633,10889,11128,6493,3605,2722,2924,2644,640,hy,Armenian,Indo European,ie
4445,787,1720,1614,4450,842,886,1713,3612,133,396,2221,1333,2969,2875,1072,41,2951,2965,3370,1263,415,510,140,693,73,or,Oriya,Indo European,ie
84770765,10133648,32399019,38769825,92320195,6838727,9417482,5961307,47587649,3024897,1530254,41948077,19292875,51835137,57824726,18337320,3719446,47061595,48985831,32536209,26820598,6653557,846884,1311628,6449926,2888312,es,Spanish,Indo European,ie
2985397,505895,1254871,710790,2937632,286238,400266,310530,3341707,14468,41464,1031596,1416259,1990985,1717558,729345,188166,1940037,2082019,2286627,1924084,332761,26741,112686,83062,26794,la,Latin,Indo European,ie
1276222,377917,377707,1020613,2913124,259658,423577,752459,1099073,61697,442640,743926,512390,2272097,864583,291139,4319,1370601,1177107,1478155,685448,370688,302802,14296,47394,71473,nds,Low German / Low Saxon,Indo European,ie
72329,14104,31967,39760,102223,20334,21570,24046,53109,759,2255,36069,30821,80055,44780,10324,445,55856,61276,43900,22742,2744,11994,1332,8448,589,ang,Anglo-Saxon / Old English,Indo European,ie
30407,5565,15457,18876,54884,5726,9411,19961,32971,622,4827,14876,11084,32885,12380,4701,132,24717,29330,20299,12396,3885,7911,279,2503,3061,pdc,Pennsylvania German,Indo European,ie
35608,4161,13074,13290,43131,3148,5105,5092,38815,919,1198,23033,10352,27889,17223,8710,1458,19603,23913,25708,14618,4850,635,1025,1173,823,ie,Interlingue,Indo European,ie
3750516,502216,355832,1088246,2908866,141666,612762,295687,3245699,1691301,1206449,1150961,1045263,2163615,2923322,915529,3826,1778599,1606053,1434455,1398638,1084847,26923,11348,34196,553981,bs,Bosnian,Indo European,ie
360140,79767,42117,294292,898074,39605,127510,84251,284977,32110,135503,191859,114443,506195,281254,72062,437,315737,237479,311443,147462,117777,85484,1541,4190,49679,nds-nl,Dutch Low Saxon,Indo European,ie
21056,3200,9287,9601,23916,2788,5727,5846,19729,560,1918,11306,6467,14509,13853,5640,539,14810,14980,14921,7009,3399,2201,773,3562,856,chr,Cherokee,Iroquoian,iro
987797,273287,526454,427576,998701,254326,275230,342809,777463,91926,220115,498387,508433,694661,737225,321982,22301,696937,703550,668523,329050,176414,161109,74765,162815,51892,ja,Japanese,Japonic,jap
3210,603,1219,1129,3096,439,922,916,4407,308,539,1677,976,2064,2131,960,70,2108,1938,1753,1078,1015,290,889,473,185,xmf,Megrelian,Kartvelian,kar
99447,29540,47592,76085,106561,34025,31580,32452,123733,4704,20133,58356,33509,71408,78428,25900,1919,73240,77963,72585,43019,25870,11089,23833,23922,3808,ka,Georgian,Kartvelian,kar
450749,121939,242945,177217,449322,129390,122891,150436,351026,32814,102142,239388,245461,311975,330089,141876,9247,319144,312876,309567,161378,77903,60587,31767,72901,20742,ko,Korean,Koreanic,kor
322256,64675,141177,115009,349689,62333,84881,117455,260608,17470,40783,167220,115921,237640,247119,91450,5522,235456,207293,236822,106421,39458,43648,16360,58059,11857,th,Thai,Kra-Dai,kra
5118,905,2454,2013,7473,1637,1313,2215,4977,111,370,2535,1986,4767,4821,1474,119,4167,3819,5165,1835,813,749,357,901,88,lo,Laotian,Kra-Dai,kra
19752,5305,7495,9846,27022,3557,11751,11718,19773,3798,2218,7148,5365,21257,11667,3396,2488,10054,11297,11349,10028,2685,4225,1037,4513,6200,za,Zhuang,Kra-Dai,kra
19223890,3488297,343767,3827529,17030403,618935,2655660,1539387,11416687,366791,6973122,3966977,1916609,10599146,6736387,1660049,20514,10116396,3379749,9668351,5926879,155047,52966,678266,118252,6236922,eu,Basque,Language isolate,lai
26827,5498,1083,4309,7856,3475,3714,683,11494,1752,8396,7090,5714,16401,7174,537,68,5273,5271,3972,6207,151,2251,37,3688,233,bm,Bambara,Mande,man
453,109,206,167,534,101,133,383,389,23,43,260,145,394,329,96,9,292,293,304,196,53,58,62,65,20,xal,Kalmyk,Mongolic,mon
18068,3483,7518,5970,16975,2977,4299,5448,16688,833,2059,9031,6507,12648,12152,5284,440,11937,11381,11764,6347,4944,2048,2205,2925,702,mn,Mongolian,Mongolic,mon
291,54,115,46,161,16,45,700,216,15,30,124,74,136,133,92,9,143,191,107,146,31,11,22,86,5,bxr,Buriat (Russia),Mongolic,mon
23296,6404,5083,5925,18996,3033,5363,6623,15031,875,5587,5461,5896,18066,13313,3532,92,10816,6911,9104,9677,995,4274,171,3509,537,ig,Igbo,Niger-Congo,nc
142681,88948,14166,58899,143463,20311,58095,18069,182645,67047,70789,92886,35953,175119,130740,43278,535,110281,75643,105394,46827,4134,34760,1000,27619,1568,yo,Yoruba,Niger-Congo,nc
5727,1919,581,645,2665,175,1398,942,4693,158,1681,329,1806,2975,1703,200,4,2690,1157,1185,3243,333,1232,13,1204,745,rn,Kirundi,Niger-Congo,nc
2815441,252837,127123,239604,587553,127081,195615,423282,1628706,163062,871658,457574,642826,898693,549017,155025,2301,290915,378755,440645,769504,80011,565026,4556,364104,220331,sw,Swahili,Niger-Congo,nc
245285,52995,34133,54092,114670,20696,62294,4544,138037,30793,64259,82954,79323,117659,123921,15107,1943,49651,38736,56872,99644,689,35506,25238,56435,471,wo,Wolof,Niger-Congo,nc
16325,1497,110,3830,4787,1176,1616,10088,8066,30,2047,3597,3639,7545,5071,831,4,1443,3733,3625,6096,4172,2853,32,1124,2184,ve,Venda,Niger-Congo,nc
6566,1044,341,1006,3644,843,513,1079,2470,54,1366,439,1870,4851,3189,532,31,1454,1673,1044,1651,87,1497,31,1308,36,ak,Akan,Niger-Congo,nc
78391,8958,9901,15437,34457,2409,9538,21023,52501,961,26229,2655,23942,42819,29003,8328,116,26991,15191,15712,35126,16080,15071,153,8523,16864,sn,Shona,Niger-Congo,nc
9982,2129,881,1628,6522,931,2196,3337,8564,518,3528,4460,2954,6646,4871,972,298,1830,3370,2667,4633,376,1875,145,1597,1788,zu,Zulu,Niger-Congo,nc
8860,2575,1300,1817,8236,1106,1698,3538,7155,333,2745,4941,2504,6063,4268,1061,58,2052,4153,4756,3649,774,1898,101,1504,558,ss,Swati,Niger-Congo,nc
12155,2642,329,1478,4995,714,1612,247,5761,91,4224,3467,2635,6283,2908,904,38,968,2130,2263,4152,488,442,24,2760,1020,kg,Kongo,Niger-Congo,nc
121121,27880,1799,16247,90064,7771,41405,18157,34704,3072,27230,49899,28936,42970,79583,11190,51,18264,40452,45286,7472,533,21100,149,9036,480,tn,Tswana,Niger-Congo,nc
50799,14444,4384,4984,21119,1982,13657,7089,45202,1881,13968,4444,18007,24550,14456,2278,174,22084,9826,11038,31999,1698,9248,85,14017,7168,rw,Rwandi,Niger-Congo,nc
6001,553,193,544,2550,352,779,1522,3616,36,1967,1889,1468,2785,1679,279,17,1163,1057,1150,2187,807,1425,411,804,377,ts,Tsonga,Niger-Congo,nc
53255,17078,3161,5458,23029,1816,8337,1462,24665,550,18543,22190,22581,28112,27959,7031,345,6574,14910,13832,7230,1524,2794,293,11439,6541,ln,Lingala,Niger-Congo,nc
6305,1502,315,1766,8765,567,1394,630,3214,45,2025,2991,1923,2749,3828,832,9,1126,2007,1953,2076,478,1939,345,1538,640,ee,Ewe,Niger-Congo,nc
17321,2963,541,2394,16375,1136,6674,2431,4831,258,4110,8555,4741,5278,11661,2014,29,3083,3869,5677,1358,122,2597,34,1744,115,nso,Northern Sotho,Niger-Congo,nc
1024,190,299,312,591,54,160,163,7301,23,133,432,171,409,369,210,47,381,473,318,455,147,31,91,117,43,av,Avar,Northeast Caucasian,nec
1957,326,312,380,970,116,328,482,29673,125,284,3334,474,877,901,349,149,899,565,765,677,238,69,198,392,195,ce,Chechen,Northeast Caucasian,nec
3120,48,134,182,392,24,42,58,356,61,30,189,223,141,210,180,58,213,250,148,223,56,35,77,133,19,ab,Abkhazian,Northwest Caucasian,nwc
139291,25310,13327,44857,86422,8255,10621,15542,88108,2315,29003,27566,31040,83354,66743,25952,235,56603,52093,57607,44272,4629,3769,568,6342,1403,pap,Papiamentu,Portuguese Creole,pc
575194,13068,71059,33163,38919,4747,12628,101249,331095,4398,127287,154451,137675,196035,35389,130573,146061,119623,145601,129668,221151,5606,79015,966,84507,3451,qu,Quechua,Quechuan,que
119861,19773,47311,50060,149472,28403,26383,59351,102589,2877,9045,55146,35672,94922,93300,29657,1343,84626,85680,107789,37261,13143,18211,3287,20337,2272,new,Newar,Sino Tibetan,sin
1423274,340956,641907,541553,1398499,325001,366644,559795,1060858,91102,226113,750995,578649,1016139,1039752,406580,29977,1027994,914207,929449,479290,201253,204553,101276,224223,106418,zh,Chinese,Sino Tibetan,sin
54074,11778,22995,20171,62005,11491,14669,22565,44638,2447,7159,27935,18556,43657,43005,15136,900,37780,36831,42720,18652,6859,8574,2730,9736,1687,zh-yue,Cantonese,Sino Tibetan,sin
111384,26325,87074,8973,61598,3121,107330,211171,185437,15052,128688,50685,31454,180450,93866,46117,516,21717,93377,130308,51049,3337,2740,915,4972,1543,zh-min-nan,Minnan,Sino Tibetan,sin
24110,14113,5271,4394,22739,9854,13874,4594,29228,7365,1960,30316,5047,10493,10360,10640,321,11690,14153,19447,5280,7784,1485,6001,4151,714,bo,Tibetan,Sino Tibetan,sin
1778,372,528,435,1054,581,277,328,992,101,209,939,754,894,1159,338,54,1098,724,696,709,199,122,156,198,47,zh-classical,Classical Chinese,Sino Tibetan,sin
3245,600,1184,1159,3439,484,863,1274,2643,224,1066,1638,1153,2527,2215,793,66,2160,1875,2014,1173,387,439,113,519,110,gan,Gan Chinese,Sino Tibetan,sin
57760,12099,26132,21977,65136,12018,15936,21476,49573,2703,6498,29465,23013,45319,44608,17313,959,41500,37594,44888,18989,7077,8685,2844,10692,1916,my,Burmese,Sino Tibetan,sin
8257,267,7552,445,15614,4186,16698,30272,24468,137,21270,5743,5336,35867,6905,6313,16,770,17930,23794,10672,2956,203,40,7680,57,hak,Hakka Chinese,Sino Tibetan,sin
1262,3706,9474,8622,2539,95,41619,11017,21516,45,12760,4385,3109,31277,992,933,22,515,10812,2250,13080,84,158,37,166,32,cdo,Min Dong Chinese,Sino Tibetan,sin
231059,24302,30745,26703,167389,4100,36561,64313,96664,23161,43749,23569,53819,47771,121302,75672,1058,94300,34870,64735,88613,49429,276,726,41824,2687,gn,Guarani,Tupian,tur
87310,18024,36487,29691,90818,30115,19993,28515,132074,3307,9660,41852,31569,63852,64395,31672,2114,63625,68102,61082,27270,14954,9834,13485,12229,4040,kk,Kazakh,Turkic,tur
3207,1090,3492,935,2296,461,885,1197,3305,341,1241,1753,1257,1652,1836,866,91,1626,2416,3911,3525,720,623,543,457,517,ba,Bashkir,Turkic,tur
17107,5627,4747,5759,15528,2263,4558,5719,21870,1355,6386,8054,5329,14390,13862,4712,221,12292,14082,10821,6842,5216,2147,1885,5898,2295,ky,Kirghiz,Turkic,tur
7161,1633,2762,2386,6917,1400,2033,2226,9268,716,1420,4246,2630,4624,4692,2151,146,5046,4340,4297,3032,2330,1032,2599,1020,488,cv,Chuvash,Turkic,tur
25396355,4664348,2140137,9241879,19641741,1440693,2690822,2377688,18485748,250951,9957690,15098919,7316798,15869524,5943715,2124104,26647,15514041,7453392,8525425,6490564,2765466,201607,63882,6620600,2389485,tr,Turkish,Turkic,tur
13963,3625,1640,3909,6686,627,4064,4975,17063,971,4912,7248,4117,9642,4746,3207,2347,7700,5548,5003,5806,303,1239,1884,3130,1279,ug,Uyghur,Turkic,tur
81862,20481,14979,24128,52740,8943,10027,8431,39592,991,19471,47466,24585,51087,20671,9736,12583,50060,30741,44010,22658,5221,5978,7626,15626,8461,tt,Tatar,Turkic,tur
1112307,160781,67799,303296,202610,54870,236308,236667,1046431,50802,222522,399503,296299,535636,459694,75317,123080,449833,368378,316491,189260,104464,9962,19799,251253,54382,uz,Uzbek,Turkic,tur
5368744,1272330,570085,2713435,1241441,440254,341509,656516,5314794,35157,1218079,3373922,1897329,3953545,1158030,318413,888613,3716106,1919266,1825817,1344179,830889,9954,413426,1507092,689262,az,Azerbaijani,Turkic,tur
507972,100753,4011,208499,328164,8299,134884,55078,312624,27032,129195,292167,128774,274652,106505,72489,66,311235,118953,135581,94009,2213,50508,3340,283950,49691,tk,Turkmen,Turkic,tur
32851484,8189008,3443697,7063289,35603914,3697014,10857048,5097616,15756302,4192224,16755648,22369861,10840988,19642321,14903961,4507234,43703,16548409,22010791,28763213,4507630,7096420,321140,216043,7228816,14396646,hu,Hungarian,Uralic,ura
2671,601,750,689,1748,320,705,827,4320,383,877,1116,943,1684,1190,545,107,1205,1040,1196,1105,346,343,213,381,241,kv,Komi,Uralic,ura
118305,7835,2595,23433,58350,2375,22037,19914,103783,16849,49313,68449,47674,58071,47437,25034,14130,44541,71500,65002,55123,29685,1207,585,1033,770,fiu-vro,Voro,Uralic,ura
115758,12282,3115,41045,66535,4336,35110,19174,79274,19040,24968,58141,28812,41092,45943,8646,168,35486,47968,41632,39146,29318,511,245,2450,555,se,Northern Sami,Uralic,ura
42719488,1154152,1175262,3828781,27647918,776384,1491030,6629983,37233330,7253263,17236318,20467434,10887291,30588967,19599133,6550875,47456,10455906,27494232,29680551,17896196,7750223,410380,114991,5951591,209990,fi,Finnish,Uralic,ura
10588487,809739,247450,3081354,8339111,257062,1581987,1295579,8478383,1444096,3722375,5260768,2955727,4441277,3833804,1505160,9826,3341024,7433734,5939475,4499910,1893755,79364,31975,89396,57170,et,Estonian,Uralic,ura
5314,776,2474,1137,4224,234,583,888,3088,168,330,1319,818,1947,2016,1023,33,2372,1806,1259,1359,357,86,196,322,166,udm,Udmurt,Uralic,ura
168401,7048,106712,16521,74788,3952,8062,79861,144847,3016,2392,131574,41830,96848,72419,50219,12795,31592,27129,126133,74938,4812,828,22507,19491,17735,nah,Nahuatl,Uto-Aztecan,uta
